,0,1,2,3,4,5,6,7,8,9,10
0,s_cubism-01.jpg,s_impressionist-09.jpg,s_impressionist-12.jpg,s_cubism-05.jpg,s_cubism-12.jpg,s_cubism-11.jpg,s_cubism-03.jpg,s_impressionist-05.jpg,s_cubism-04.jpg,s_cubism-08.jpg,s_cubism-14.jpg
1,s_cubism-02.jpg,s_cubism-11.jpg,s_cubism-04.jpg,s_cubism-14.jpg,s_cubism-09.jpg,s_cubism-05.jpg,s_cubism-08.jpg,s_cubism-01.jpg,s_cubism-06.jpg,s_impressionist-13.jpg,s_cubism-13.jpg
2,s_cubism-03.jpg,s_cubism-01.jpg,s_cubism-05.jpg,s_impressionist-13.jpg,s_cubism-09.jpg,s_impressionist-12.jpg,s_cubism-08.jpg,s_cubism-16.jpg,s_impressionist-05.jpg,s_cubism-06.jpg,s_cubism-04.jpg
3,s_cubism-04.jpg,s_cubism-09.jpg,s_cubism-02.jpg,s_impressionist-13.jpg,s_cubism-05.jpg,s_cubism-14.jpg,s_cubism-13.jpg,s_cubism-01.jpg,s_cubism-16.jpg,s_cubism-12.jpg,s_cubism-06.jpg
4,s_cubism-05.jpg,s_impressionist-13.jpg,s_cubism-11.jpg,s_cubism-16.jpg,s_cubism-01.jpg,s_cubism-08.jpg,s_cubism-09.jpg,s_impressionist-09.jpg,s_cubism-14.jpg,s_cubism-03.jpg,s_cubism-04.jpg
5,s_cubism-06.jpg,s_cubism-13.jpg,s_cubism-09.jpg,s_impressionist-13.jpg,s_cubism-10.jpg,s_cubism-14.jpg,s_cubism-15.jpg,s_cubism-11.jpg,s_cubism-16.jpg,s_cubism-04.jpg,s_impressionist-04.jpg
6,s_cubism-07.jpg,s_cubism-16.jpg,s_cubism-15.jpg,s_impressionist-13.jpg,s_cubism-05.jpg,s_cubism-04.jpg,s_cubism-12.jpg,s_cubism-09.jpg,s_cubism-01.jpg,s_cubism-11.jpg,s_cubism-03.jpg
7,s_cubism-08.jpg,s_cubism-05.jpg,s_cubism-01.jpg,s_cubism-03.jpg,s_cubism-02.jpg,s_impressionist-12.jpg,s_impressionist-09.jpg,s_cubism-04.jpg,s_cubism-09.jpg,s_impressionist-15.jpg,s_impressionist-05.jpg
8,s_cubism-09.jpg,s_cubism-14.jpg,s_cubism-06.jpg,s_impressionist-08.jpg,s_impressionist-13.jpg,s_cubism-11.jpg,s_cubism-13.jpg,s_impressionist-04.jpg,s_cubism-15.jpg,s_cubism-04.jpg,s_cubism-05.jpg
9,s_cubism-10.jpg,s_cubism-13.jpg,s_cubism-06.jpg,s_cubism-14.jpg,s_cubism-09.jpg,s_impressionist-08.jpg,s_cubism-11.jpg,s_impressionist-13.jpg,s_impressionist-04.jpg,s_cubism-15.jpg,s_impressionist-07.jpg
10,s_cubism-11.jpg,s_cubism-14.jpg,s_cubism-12.jpg,s_cubism-02.jpg,s_cubism-05.jpg,s_cubism-09.jpg,s_cubism-16.jpg,s_impressionist-13.jpg,s_cubism-01.jpg,s_cubism-06.jpg,s_impressionist-09.jpg
11,s_cubism-12.jpg,s_cubism-11.jpg,s_cubism-14.jpg,s_impressionist-09.jpg,s_cubism-01.jpg,s_cubism-05.jpg,s_cubism-09.jpg,s_cubism-04.jpg,s_cubism-16.jpg,s_impressionist-13.jpg,s_impressionist-08.jpg
12,s_cubism-13.jpg,s_cubism-06.jpg,s_cubism-14.jpg,s_cubism-10.jpg,s_cubism-09.jpg,s_cubism-04.jpg,s_cubism-11.jpg,s_cubism-15.jpg,s_impressionist-13.jpg,s_cubism-16.jpg,s_cubism-02.jpg
13,s_cubism-14.jpg,s_cubism-11.jpg,s_cubism-09.jpg,s_cubism-13.jpg,s_cubism-06.jpg,s_cubism-12.jpg,s_impressionist-08.jpg,s_impressionist-13.jpg,s_cubism-10.jpg,s_cubism-02.jpg,s_cubism-05.jpg
14,s_cubism-15.jpg,s_cubism-16.jpg,s_impressionist-13.jpg,s_cubism-06.jpg,s_cubism-09.jpg,s_cubism-07.jpg,s_cubism-11.jpg,s_cubism-05.jpg,s_cubism-13.jpg,s_cubism-14.jpg,s_cubism-04.jpg
15,s_cubism-16.jpg,s_cubism-15.jpg,s_cubism-05.jpg,s_impressionist-13.jpg,s_cubism-07.jpg,s_cubism-11.jpg,s_cubism-09.jpg,s_cubism-14.jpg,s_cubism-06.jpg,s_cubism-04.jpg,s_cubism-12.jpg
16,s_impressionist-01.jpg,s_impressionist-03.jpg,s_impressionist-07.jpg,s_impressionist-04.jpg,s_impressionist-14.jpg,s_impressionist-15.jpg,s_impressionist-13.jpg,s_impressionist-02.jpg,s_impressionist-08.jpg,s_cubism-09.jpg,s_impressionist-11.jpg
17,s_impressionist-02.jpg,s_impressionist-06.jpg,s_impressionist-15.jpg,s_impressionist-07.jpg,s_impressionist-03.jpg,s_impressionist-12.jpg,s_impressionist-16.jpg,s_impressionist-04.jpg,s_impressionist-01.jpg,s_impressionist-09.jpg,s_impressionist-10.jpg
18,s_impressionist-03.jpg,s_impressionist-15.jpg,s_impressionist-07.jpg,s_impressionist-01.jpg,s_impressionist-04.jpg,s_impressionist-02.jpg,s_impressionist-10.jpg,s_impressionist-11.jpg,s_impressionist-09.jpg,s_impressionist-14.jpg,s_impressionist-13.jpg
19,s_impressionist-04.jpg,s_impressionist-07.jpg,s_impressionist-13.jpg,s_cubism-09.jpg,s_impressionist-03.jpg,s_impressionist-01.jpg,s_impressionist-08.jpg,s_cubism-06.jpg,s_cubism-11.jpg,s_cubism-04.jpg,s_cubism-15.jpg
20,s_impressionist-05.jpg,s_impressionist-16.jpg,s_cubism-01.jpg,s_impressionist-12.jpg,s_cubism-03.jpg,s_impressionist-09.jpg,s_cubism-08.jpg,s_impressionist-15.jpg,s_cubism-05.jpg,s_impressionist-06.jpg,s_cubism-02.jpg
21,s_impressionist-06.jpg,s_impressionist-12.jpg,s_impressionist-02.jpg,s_impressionist-15.jpg,s_impressionist-16.jpg,s_cubism-03.jpg,s_cubism-01.jpg,s_impressionist-09.jpg,s_cubism-05.jpg,s_impressionist-10.jpg,s_impressionist-07.jpg
22,s_impressionist-07.jpg,s_impressionist-04.jpg,s_impressionist-13.jpg,s_impressionist-03.jpg,s_impressionist-01.jpg,s_impressionist-08.jpg,s_impressionist-02.jpg,s_impressionist-15.jpg,s_cubism-09.jpg,s_impressionist-10.jpg,s_cubism-05.jpg
23,s_impressionist-08.jpg,s_cubism-09.jpg,s_cubism-14.jpg,s_impressionist-07.jpg,s_impressionist-04.jpg,s_cubism-11.jpg,s_impressionist-13.jpg,s_cubism-12.jpg,s_cubism-10.jpg,s_cubism-06.jpg,s_impressionist-09.jpg
24,s_impressionist-09.jpg,s_cubism-01.jpg,s_cubism-12.jpg,s_impressionist-15.jpg,s_cubism-05.jpg,s_impressionist-12.jpg,s_cubism-11.jpg,s_cubism-14.jpg,s_cubism-09.jpg,s_impressionist-03.jpg,s_cubism-08.jpg
25,s_impressionist-10.jpg,s_impressionist-15.jpg,s_impressionist-07.jpg,s_impressionist-03.jpg,s_impressionist-04.jpg,s_impressionist-02.jpg,s_impressionist-06.jpg,s_impressionist-01.jpg,s_cubism-12.jpg,s_impressionist-16.jpg,s_impressionist-13.jpg
26,s_impressionist-11.jpg,s_impressionist-03.jpg,s_impressionist-15.jpg,s_impressionist-01.jpg,s_impressionist-02.jpg,s_impressionist-14.jpg,s_impressionist-04.jpg,s_impressionist-07.jpg,s_impressionist-10.jpg,s_impressionist-09.jpg,s_impressionist-12.jpg
27,s_impressionist-12.jpg,s_impressionist-06.jpg,s_cubism-01.jpg,s_impressionist-09.jpg,s_impressionist-05.jpg,s_cubism-03.jpg,s_impressionist-02.jpg,s_cubism-05.jpg,s_impressionist-16.jpg,s_cubism-08.jpg,s_impressionist-15.jpg
28,s_impressionist-13.jpg,s_cubism-09.jpg,s_cubism-15.jpg,s_cubism-06.jpg,s_cubism-05.jpg,s_impressionist-04.jpg,s_impressionist-07.jpg,s_cubism-16.jpg,s_cubism-11.jpg,s_cubism-14.jpg,s_cubism-04.jpg
29,s_impressionist-14.jpg,s_impressionist-01.jpg,s_impressionist-03.jpg,s_impressionist-09.jpg,s_impressionist-15.jpg,s_cubism-05.jpg,s_cubism-01.jpg,s_cubism-12.jpg,s_impressionist-11.jpg,s_cubism-04.jpg,s_cubism-07.jpg
30,s_impressionist-15.jpg,s_impressionist-03.jpg,s_impressionist-09.jpg,s_impressionist-02.jpg,s_impressionist-16.jpg,s_impressionist-06.jpg,s_impressionist-07.jpg,s_impressionist-10.jpg,s_cubism-05.jpg,s_impressionist-11.jpg,s_impressionist-12.jpg
31,s_impressionist-16.jpg,s_impressionist-05.jpg,s_impressionist-15.jpg,s_impressionist-12.jpg,s_impressionist-06.jpg,s_impressionist-02.jpg,s_cubism-03.jpg,s_impressionist-03.jpg,s_cubism-08.jpg,s_impressionist-09.jpg,s_cubism-01.jpg
